,Rims1,Satb2,Dpp10,Prox1,Lhx6,Zeb2,Nr4a2,Meis2,Tshz2,Stmn2,Fstl5,Ntng1,Gm26871,Slc24a2,Elavl2,Dab1,Elavl4,Agbl4,Cacna2d1,Gabrb1,Nxph1,Grm8,Tafa1,Chl1,Zfp536,B230209E15Rik,Nr2f2,Hs3st4,Dlgap2,Spock3,Vat1l,Nrgn,Dscaml1,Unc13c,Cacna2d2,Vip,Lrrtm3,Rmst,Ebf1,Vsnl1,Lrfn5,Chrm3,Spock1,Edil3,Rasgrf2,Hcn1,Otx2os1,Pdzrn4,Robo1,Dscam,Baiap3,Gria3,Tenm1,Frmpd4
0063 L5 IT CTX Glut_4,10.468662307375954,8.452148732684908,13.262062799362909,0.0,0.0,7.359017462957473,0.0,0.0,1.527499789283389,8.763973735627674,0.0,0.0,7.624992870149159,10.561028139931816,7.741309620085216,9.220619564964656,8.79080073038737,10.19209707350958,9.12996055966332,8.393094744001116,0.0,7.792116948536464,3.1677997339339483,6.975278627304804,0.0,7.822592247100103,0.0,9.292893773033503,9.872775282178608,7.209593261991229,0.0,10.329942385355633,0.0,0.0,0.1059710865929013,0.0,9.01300151007516,0.2221137569064185,0.0,9.352909042721702,9.191318897973924,8.458616631371635,9.615793727693104,7.915968406768072,0.1094779287065778,8.138201372964042,0.0,0.8190768786839077,0.0,9.790008840106784,0.0,9.54916206995646,7.2197349071502686,9.529301870436896
0365 L5 ET CTX Glut_3,8.393073039856391,7.135401980489747,12.196467444428013,0.0,0.0,6.019406904861798,0.3064904063515514,8.62951408695971,5.656143440819873,8.430629708488443,7.497232187167872,8.408658006592015,6.657916776814692,8.785392660700698,7.326071513684047,10.80743439992269,6.9183975848716885,8.243823857728572,7.848585533620286,7.724333526741745,0.0,8.41406476939166,11.956320029038649,7.778689679936466,0.0,7.783528733457255,0.0,3.36088512052498,9.49775595135159,4.893407041870291,8.167538101516898,11.212747874083345,8.8731419503519,0.0,1.2914832847410458,0.0,8.303104181914588,0.0,0.0,9.370558964221226,9.683463819346198,9.57237710844078,1.93725674444454,9.063288378919292,4.051421526490453,10.483677830111947,0.0,2.622584865643428,9.980050342375057,9.227906557229849,0.0,9.933101617372952,5.33793496983683,8.736490805264552
4606 Pineal Crx Glut_1,0.0,0.0,3.293252553258623,0.0,0.0,6.620444430245294,0.0571104704387604,0.0,2.2606644024924627,0.0,0.0,0.0,0.0,9.374822714972115,0.0,0.0,0.0,3.907950893280998,8.882785028881496,0.0,0.0,0.0,0.0,0.0,8.103892568557981,0.0,0.4403343162839375,0.0,0.0,0.0,0.0,0.0,0.0,0.0,3.0799307690726385,0.0,0.0,0.0,0.1943709925999717,0.0,0.0,9.718501529996358,0.0,8.373478418304806,5.38702078281887,0.0,11.829949931492882,0.0,0.0,5.658002306544591,0.0,0.0,0.0,0.0
0049 L6 IT CTX Glut_4,9.456908485211365,8.528319385073601,11.578236363349705,0.0,0.0,8.669752817635143,7.142305046046546,3.731962424352629,0.0,8.598343868868067,1.059490760531994,5.320336547466593,8.496246218681335,8.52584116393273,8.009399399298047,8.714758878454155,7.290177788209478,8.137732367449944,8.592933726420096,9.259490052494431,0.0,9.32398937601562,1.9581309056610143,7.498792748932445,0.0,7.602395805743856,0.0,0.0,10.602500098560927,1.0822278952926672,0.5812705845460979,10.792438699564803,7.646782859202919,0.0,0.0,0.0,7.549935266512249,5.4266695738385575,0.0,9.13384515648588,8.712897753496783,8.413849147087937,7.498386443208117,3.987086354592525,1.387918156494788,8.814105087464009,0.0,0.0,4.999256782028653,7.836484508230052,0.0,9.333486484825064,7.835968140068404,8.900267640385058
0042 L6 IT CTX Glut_2,9.888780076278277,8.306304352369485,11.77347039541022,0.0,0.0,8.919899762587226,1.4124769918090303,6.842121865170553,0.0,8.832444548025741,0.0,2.758907783872166,7.903703013448929,11.013129843648937,6.782339141629987,7.30251790177795,7.903434331749491,8.587713625278417,8.928328692002617,9.111344752158288,0.0,8.218817878707029,1.657273203589756,6.135049042005914,0.0,7.563220466543104,0.0,1.075936008049832,9.65785741139667,1.0260183687213182,0.0,11.718828969316355,6.73677389707742,0.0,0.0,0.0,7.52696558930946,0.0,0.0,9.006817091197057,8.960906901218538,9.663540862154411,8.706551135884192,7.847732079815547,1.1717478308462268,7.75842367645824,0.0,2.5354845368091183,7.397393914837322,8.087501363162295,0.0,9.494920681620869,7.436646737485185,8.985530375039612
0247 LA-BLA-BMA-PA Glut_5,9.24076191717837,3.092625974607067,10.953579085213798,0.0,0.0,8.802578878002006,8.162023335945706,0.0,1.4691039914844417,8.731188421489811,5.104835231764977,8.479522845324349,8.347705957268467,6.354214419837759,7.038008273148737,7.244118702511828,7.872937839572169,8.749385064389525,8.90816947392055,9.603926482320832,0.0,9.303417069571358,10.187698260074905,7.943515280715558,0.883641072681972,7.747152152181673,9.189250232792702,6.396557795901258,9.689563174207672,6.725253049065085,4.399398703535064,10.709972381591797,7.284237412845387,0.0,0.0,0.0,7.324517378286154,6.901764140409582,0.0,9.981640439073578,9.646267177677956,5.922437373329611,8.371349543082614,8.546604477056936,0.5431997776031494,9.197948063121125,0.0,6.353942506453571,7.123847340335365,6.658049459216976,0.0,9.97730333664838,8.321208877723757,8.613751467536478
0322 L2 IT PPP-APr Glut_2,9.603115634260506,8.498703663924644,9.051043964254443,0.0,0.0,7.352186564741464,0.2762563475247087,5.043060421121531,11.47139492034912,7.972262247677507,4.021663481613685,2.7143988017378184,7.256583792587806,9.211271897677715,2.600170615623737,11.298447608947754,7.3811430832435345,8.567381194542195,8.537863774135195,9.68377488892654,0.0,0.0,0.0,7.09381230452965,0.0,7.728647738489611,0.0,0.0,9.432859552317652,0.0316871807493012,2.544683410381449,10.973347374488569,7.602394107292438,0.0,0.0,0.0,9.4983195140444,0.0,0.0,9.418886270194218,9.48668005713101,0.0,6.165731407033986,8.784468598201357,7.564316082000732,8.93815679879024,0.0,0.0,2.7592960028812805,9.467188572061472,0.0,10.2744739664012,0.0,9.071668289447652
0506 DG Glut_2,9.720482240643417,0.0,0.0,8.420452752920971,0.0,9.933270515076623,0.0,0.0,0.0,0.0,0.0,8.430140553546511,8.14748232175843,9.630549016009004,0.0,10.920267557624832,0.0,0.0,9.02919896256046,9.826275457728396,0.0,0.0,9.45619073768662,7.966010808436514,3.971753836029923,5.003349500438154,0.0,0.0,9.658651762857732,6.941712684446836,0.0,10.700044175057474,7.398765251780753,0.0,0.0,0.0,2.447157184302484,0.0,0.0,1.9533967759144424,9.888663357135645,0.0,0.0,6.103259174173671,4.79863609675795,0.0,0.0,0.0,3.294342843093409,8.982703073667022,0.0,8.55608512003083,8.108696996667264,9.024485361812584
0324 L2 IT PPP-APr Glut_2,10.331373502882265,8.066741022846395,8.72353514778814,0.0,0.0,0.0,0.77583983762087,9.01422727937035,11.790229367409394,8.289729722112202,5.651467239828133,9.121297758546092,6.994615005932266,7.979721402092803,0.0,11.644121469639474,7.692338830275501,8.612888540867136,8.63372331957737,9.492840165428692,0.0,0.0,0.0,7.831082546453682,0.0,7.862850033693748,0.0,0.0,8.81027551234769,3.199092735775369,4.569012766547626,10.844617745287414,6.337820284086452,0.0,0.0,0.0,9.64818149219028,0.6800884297139925,0.0,9.16716117996106,9.913940361077836,0.0,2.349432765722846,8.043982462345554,7.698747164911503,9.35916405959095,0.0,0.0,9.536186245705585,8.876161369488393,0.0,9.889867611068617,0.0,9.395723809441217
0288 CA1-ProS Glut_4,9.506287163954514,5.032797424609845,2.6454658288222093,0.0,0.0,9.86662264603835,8.886140691317046,9.39819410764254,0.0,7.810673258854792,0.0,7.577939481001634,9.160031553415152,9.255466255774865,3.7579023104447584,10.638387093177208,6.375294751387376,7.707935333251953,9.828502816420334,10.22728363917424,0.0,0.0,10.398089937063364,8.700878656827486,0.0,7.686632860623873,6.439475462986873,0.0,10.280170470017651,2.109641016446627,1.0758795298062838,10.755987900954027,8.379321575164795,0.0,0.0,0.0,0.0,0.0,0.0,8.264495035318228,9.3147980763362,3.287023536975567,7.020399504441482,7.00552256657527,2.770792653010442,10.176823821434608,0.0,0.0,7.244101318946251,4.232639404443594,0.0,9.70894035926232,8.139775048769437,9.29561870281513
0008 IT EP-CLA Glut_1,9.865709950623003,8.538392712769,11.20993768590168,0.0,0.0,8.738696340604122,8.97408689418657,8.467208367721163,0.0,8.255054071111587,0.0,0.166330348133655,9.01158734355544,9.632638675109469,7.57867842584752,8.126822757875264,7.215156757330046,8.293613441167912,8.900794751435807,9.771952505636367,0.0,8.308645625716274,0.0,7.457093846064941,0.0,7.686259385065739,0.0,0.656378021132213,10.181221336994357,0.0,2.639561128076226,10.583186176602508,7.920796774351867,0.0,0.0,0.0,7.508867045050686,1.3030925607218329,0.0,9.0457228950698,6.606102000934021,9.620543734541217,8.038977249540558,2.609797736587648,4.507684560462495,8.225496156701764,0.0,4.362136577132451,0.918153984646967,8.170691578905174,0.0,9.787058659741794,8.253771712864873,9.02853402427871
0232 LA-BLA-BMA-PA Glut_2,9.054083280977997,0.0,9.334051729285198,0.0,0.0,8.260556306009708,8.365390230261761,8.974314264629198,0.4324324815169624,8.201155977663786,0.745166043613268,2.8480735343435537,9.071946712162184,8.838587157622628,6.735506503478341,9.294586587988812,7.068284779009612,7.3703302030978,9.702197630509088,9.877884433580482,0.0,1.6683272620906,10.747439011283545,8.036718828781792,0.0,7.686802924197653,8.599444926303367,4.99216700533162,9.785455189580505,7.407901425983595,2.372316940971043,10.614627274222997,7.771421500910884,0.0,0.0,0.0,7.906447622050409,0.0,0.0,8.314440998823747,9.132855834131655,2.224402352001356,8.356344233388485,8.516812538064045,6.431374601695849,9.530627267257026,0.0,6.9006964828657065,8.644181506530098,5.284297475607499,0.0,9.600004254216731,9.192938033394192,8.68916391082432
0426 L6b CTX Glut_1,9.854612012002985,8.14558244966993,13.014672657087738,0.0,0.0,6.687244602745655,7.358199395852931,0.0,0.5313477523186627,8.607983777102302,0.0,0.0,8.433797456236446,10.31392266890582,8.484372239486843,4.830642804912492,8.33396441375508,9.035029208426382,7.766040289635752,8.96605196092643,0.0,5.849172764665941,0.0,8.577832394955205,0.0,8.271330863354253,0.0,10.592846106547936,9.331467577055388,0.0,0.0,8.458189463615417,7.1275049779929365,0.0,0.0,0.0,8.52473311844994,0.0,0.0,8.851737740460564,7.495751710031547,9.600047354604683,8.934173785938937,0.0,0.0,7.676223637075985,0.0,4.801691806783863,2.726386044305914,8.870078136406693,0.0,9.034151365242751,8.808903670778461,11.45218433866314
0278 CA1-ProS Glut_3,8.978388786315918,0.0,8.653617678017453,0.0,0.0,8.656978640063056,5.959777733375287,0.0,0.0,9.08648809893378,4.057202651582915,9.339344419282058,6.379205802391315,10.94929862844533,1.896534278475005,10.563941889795764,8.359559289340314,9.446653267432904,7.998453074488147,9.938487710623903,0.0,8.569389178835113,0.0,8.356226723769616,0.0,7.661607018832503,1.1988999432530896,9.276455780555462,8.47734152037522,0.2494959913451096,3.164114442364923,11.503479431415428,8.491904735565186,0.0,4.7472060795488025,0.0,7.734911096507106,0.0,0.0,8.985180854797363,9.958498625919736,6.319564145186852,5.029727508281839,4.815050363540649,2.0728477280715416,9.914410295157596,0.0,8.63008295256516,6.630629786129656,8.536366561363483,0.0,9.790814892999055,7.195423948353734,9.045298609240302
0742 Pvalb Gaba_3,9.114615180717692,0.0,8.865454156734277,0.0,6.73028539541544,9.308913144993992,0.0,0.0,0.0,8.028049855391076,2.002239746353725,3.8443930762548337,0.3733378662534671,10.34504924964775,9.409632901931442,7.82694610732498,7.554696604964038,7.927705566385504,0.0,7.480046011978554,10.596552745085196,0.0,0.0,6.821862943313464,8.579760055814285,7.309657743883165,0.0,0.0,10.330294000624312,8.466958624096163,0.0,5.605127649838871,7.29587587558194,0.0,7.473188469314316,0.0,7.883053631623694,0.0,0.0,8.440268131278147,7.873252342543093,5.395660118615846,8.199850075590133,6.91838806101775,8.31895536812368,10.063334058207934,0.0,0.0,9.605670264105989,0.0,0.0,9.05101769801956,8.69080854580566,6.55845836722713
0583 OB Dopa-Gaba_1,8.355566702316056,0.0,2.506697997762196,0.0,0.0,11.126410017440568,4.167421395031374,11.247616007790636,0.0,0.0,0.9102120000924636,0.0,0.0,5.695093291553099,0.7950441673620423,8.992103383078504,0.0,3.828045474949168,8.393733125658178,9.986353896980855,12.02381446610636,0.0,0.0,0.0,3.306191082854769,0.0,0.0,0.0,9.661064529418946,2.889142121841658,2.376336931826464,0.0,0.0,0.0,6.886783789164984,0.0,8.582280614482823,0.0,0.0,3.124108018448104,7.362726099099686,9.1307331369884,0.7396174772461849,8.707088790722747,0.0,9.187687552153175,0.0,8.293951407475259,7.836890667587964,10.678524734724814,0.0,0.0,2.5077383240657065,9.17481881326704
5193 CBX Purkinje Gaba_1,4.828526268005371,0.0,10.828069648742677,0.0,0.0,4.663651990890503,0.0,0.0,2.7831972789764405,7.532376594543457,4.863108177185058,1.104926815032959,0.0,9.323365020751954,0.0,11.271449584960935,0.1202591800689697,5.564320459365844,0.5299529552459716,0.0,0.3030632305145264,0.0,0.0,3.2361662578582764,2.7883566188812257,1.606440668106079,1.185241813659668,0.0,1.1076202487945557,8.667940521240235,0.0,0.0,0.4095716762542725,5.056283626556397,8.73629165649414,0.0,0.0,0.0,10.72355785369873,0.726978816986084,9.468231353759766,0.0,8.178626918792725,8.32589412689209,0.0,9.667595748901368,0.0,5.2132070446014405,0.0,7.102877006530762,0.0,10.517859725952148,0.0,11.967387466430663
0768 Sst Gaba_3,9.61287930432488,0.0,10.239110469818115,0.0,6.97887238334207,8.811896520502428,0.0,0.0,0.0,8.961415683521944,7.337737910887775,0.0,4.394848115303937,10.146777124965892,9.658344409045052,7.1794875369352456,7.697162011090447,7.659453237757964,0.0,7.390044759301579,10.49509687984691,0.3410275122698615,0.0,9.209555878358728,7.110371842103846,7.048917293548584,3.054215199807111,0.0,10.127792610841638,8.353407551260556,4.097350239753723,2.8027249083799477,7.707708484986249,5.453176792930154,7.411181183422313,0.0,6.938098009894876,0.0,0.0,9.398066268247716,8.601527494542738,9.88945893680348,8.154808044433594,8.314152072457706,8.62524798337151,9.162217392640954,0.0,4.514178787960725,8.803242795607623,8.138777031618005,0.0,9.705952083363252,7.329075715121101,10.190269750707287
0709 Lamp5 Gaba_1,11.183980963029745,0.0,8.664616367020296,7.040515892295924,0.0,8.982403387696221,0.0,0.0,0.0,8.165871059400718,0.0,0.0,2.8419624105204417,8.319879535489644,8.63946351899237,9.98277377636391,7.228924583504741,7.194665834153749,9.67151339670828,7.896030975915018,10.253284916924928,0.0,0.0,7.326726684236418,10.161111290174633,7.031436283795538,2.1385264491806786,4.75811437867291,9.455324634827,8.217011893872685,1.777526921651487,7.360485984642143,8.779351645271921,0.0,0.0,0.0,8.933979030483453,0.0,0.0,8.886772344899693,4.5101761999915215,4.070814384511467,8.964862132987548,8.178294140449799,9.184011059817353,9.859257415285366,0.0,1.5272826751029995,8.777095944723046,0.0,0.0,8.56430047219689,7.20608961347576,10.469500805484714
0738 Pvalb Gaba_2,9.564654672649544,0.0,9.547044225701704,0.0,7.2606452507592145,9.717885120373936,0.0,0.0,5.708639356451974,8.170891222259808,4.6435267399174505,0.0,4.983967390418612,9.422147244914596,9.394781354447488,7.32720930251717,7.82333402230706,8.626031042824328,0.0,8.970616434661435,11.434809093743985,1.458820619493583,0.0,8.41861784849928,8.601704026611758,7.598960952579695,0.0,0.0,10.558537263825466,9.539987008896231,4.3080249280437055,2.7333500452444586,8.020916168678534,0.0,7.290263005825276,0.0,7.035717180637127,0.0,0.0,8.559784786242275,8.511098660213847,7.981713736001315,7.407842812963494,7.057015692124344,8.397393477354811,9.825454568639048,0.0,5.890259637519227,9.37622640726152,0.982353668257664,0.0,9.87336861695482,9.324429095630917,7.548226943038439
0576 OB-out Frmd7 Gaba_2,8.534352158600429,0.0,3.766045669339738,0.0,0.0,11.129332182542331,0.0,11.658730326958423,0.0,0.2277767253371904,9.083719235546184,0.0,0.0,0.0,0.0,9.838131058890864,0.0,0.0,9.164793644311294,0.0,11.978613511571345,0.0,0.0,0.0,10.454085655932156,0.0,0.0,0.0,8.682605806386695,8.691078410958344,0.0,0.0,9.560071081485388,0.0,0.0,0.0,6.096010666973186,0.0,0.0,8.989727020263672,0.0,0.0,0.0,0.6271150067167462,0.0,11.769590629721588,0.0,0.0,3.6708818471656657,0.0,0.0,0.0,2.7745582562572557,11.032774907238078
0568 OB-out Frmd7 Gaba_1,6.2186247521612845,0.0,10.504434314877706,0.0,0.0,11.569175158005097,0.0,11.540068176636009,0.0,0.7487929231735296,6.340453720509225,0.0,0.0,0.0,0.0,10.480081599872706,0.0,0.0,3.082252781464023,3.326070504417586,12.399661355664117,0.0,0.0,0.0,8.962348921330214,0.0,0.0,2.7859049842867787,6.237495892953665,10.354393563416329,0.0,0.0,8.958848259855046,0.0,7.563865821954986,0.0,6.265008599477043,0.0,0.0,6.510641279178936,0.6050202294728642,9.847362759852514,0.0,0.0,0.0,9.37876965385337,0.0,9.043133381672822,6.193797744517764,0.1241441647558753,0.0,0.0,3.634931868340771,9.30412020953982
0747 Pvalb Gaba_4,9.349784941357726,0.0,6.91299063317916,0.0,6.832710754345445,9.312584476435886,0.133677605758695,0.0,0.0,8.453819668030038,6.905563555219594,2.406498938579769,2.777114306740901,10.464229805504576,10.111434350995456,9.93496721895302,7.627116689787192,8.465795312295942,0.0,8.150186877040301,10.73992088787696,0.0,0.0,6.907999648329089,8.991528635515886,7.241174348575227,0.0,0.0,10.321217742912909,9.179891709019156,1.152905641014085,4.0996561074519855,7.1642086067620445,0.0,8.189649725223289,0.0,7.900935162954471,0.0,0.0,8.726419267408987,9.041099547463304,7.751788388718577,8.7358958002399,9.191554150160622,7.814187308006427,10.17244841246044,0.0,0.3818682188935139,9.359831545282812,5.999657157151138,0.0,7.566615547765703,9.177184136474834,9.21421829567236
0574 OB-out Frmd7 Gaba_1,4.880309115634876,0.0,10.66342246130611,0.0,0.0,11.64732600865739,0.0,11.603468755657753,0.0,0.8714228292529502,9.74863357222482,0.0,0.0,0.0,0.0,9.900673716255788,0.0,0.0,8.269216325845612,2.319302569614368,12.268736046351744,0.0,0.0,0.0,10.124411186475433,0.0,0.0,9.22775466522474,8.757377538788184,9.43399154470208,0.0,0.0,9.646177956227506,0.0,3.152890743834249,0.0,0.0,0.0,0.0,7.8951651246360175,4.43424885728386,9.875336261277788,0.0,0.1343902389654952,0.0,9.251128716415234,0.0,8.825536138555977,1.3477713767062411,0.0,0.0,0.0,0.5859247914860758,8.929226010033254
0754 Pvalb Gaba_8,9.215518078175018,0.0,8.299573933382394,0.0,6.41414113068035,9.308881622073152,0.0,0.0,0.0,8.406343438503336,0.0,0.2642505827339979,0.0462440563431433,10.41728536351293,9.610239980397967,8.880090836112743,7.708031289587906,8.129240119999801,0.0,7.982371816539494,10.5057752853986,0.0,0.0,7.255936222537437,8.340824064787876,7.125795708673722,0.0,0.0,10.278817042681576,8.99407594140804,0.153630530751435,3.496563583758044,6.674229281149109,0.0,7.7645515071361775,0.0,7.767490247675925,0.0,0.0,8.60067504744016,8.483706512926906,6.762546883232645,7.887220158556121,8.27522974095206,8.07606957264687,9.998597630377937,0.0,0.8487951716900975,10.42442369007396,3.8341269163277376,0.0,9.03919702202779,7.750766098545277,6.436082207227802
0859 Sst Chodl Gaba_4,9.797111530723813,0.0,9.06637790368038,0.0,6.986263912053978,0.0,0.0,0.0,6.281091087269333,10.065513362674594,3.1914082336350806,0.0,7.624862006625289,2.4498211882024443,9.16581043282395,0.4212238117583892,7.141268502991155,6.626081259745472,0.0,9.439928502406714,10.018293847078048,0.0,0.0,7.337987200644031,7.874017719577694,6.939186444447476,0.0,0.0,9.925861608307317,8.123190010118785,0.0,3.902776135776028,6.728739589640179,0.0,6.896698282199836,0.0,4.055011865852764,0.0,0.0,8.43506764690831,9.257432760682496,3.410183074714253,2.46430253045364,0.0,2.681453735573487,7.298581667291294,0.0,6.0217153776741625,9.981955310833529,9.09281377597425,0.0,7.048061811699058,9.538325620897162,10.079021670533429
0799 Sst Gaba_9,9.256690697236497,0.0,9.405299044618705,0.0,7.223502749144429,8.641789353255069,0.0,0.0,0.0,8.578160875975483,7.3039605858350045,0.0,4.825089883322668,10.230390469233194,9.678375776367956,8.99759994131146,6.386840798638084,7.37048633652504,1.946334292190244,0.0,10.394182833758268,0.0,0.0,9.06887269983388,0.0,7.0889887448513145,0.0,0.0,9.594306129397769,8.08850403145106,5.554870651225851,6.742813188620288,7.280172245671051,10.164849546220568,7.347570091787011,0.0,0.0,0.0,0.0,8.9270364298965,8.847882607970575,10.546957842027298,4.697981555052478,3.757594929801093,3.369854790995819,4.113584517228483,0.0,3.945518362401712,8.817986265577451,9.251605609450678,0.0,9.151336763844345,8.338098680130159,9.672039583475902
0640 Vip Gaba_5,9.048952191633663,0.0,9.67489291488603,8.344114591359396,0.0,10.12519776647362,0.0,0.0,0.0,7.59942927235417,8.281571830326893,0.0,2.814270841136966,9.102674562103894,3.666239550787923,9.99045236882246,7.941704659698308,7.70930351390783,7.545554975726514,8.506892106970962,0.0,0.0,0.0,7.269101486261662,9.848847397562366,7.381996538479196,3.7733145927896303,0.0,8.192201105568222,3.599245090873874,0.0,2.7882762261104306,2.0522570901987502,0.0,0.0,12.361568559363006,7.418517046002536,0.0,0.0,9.293675686805658,9.279191225680249,9.863647310796354,4.511718416353009,9.115066442128173,1.1362770444797703,9.302697779485852,0.0,8.079585571678317,9.12250398407872,10.075244233490078,0.0,0.0,7.779896348280392,11.12941266774436
0860 Sst Chodl Gaba_5,10.302178382873535,0.0,8.886912727355957,0.2574753634134928,9.13585927327474,0.0,0.0,0.0,9.046857566833497,8.774620615641275,8.51775993347168,9.21940892537435,7.921110947926839,7.498764502207438,9.59256504058838,6.624739907582601,7.563172607421875,8.005504010518392,1.301980323791504,10.165024375915529,10.613578160603842,2.6078595797220867,0.0,8.485271600087485,9.006892789204915,8.147208048502604,0.0,0.0,9.58656135559082,9.884681688944498,8.186248677571614,2.3732054011027017,7.542001883188884,1.4008651542663575,6.71322385152181,0.0,4.467374203999837,0.932063159942627,0.0,9.156981684366862,9.800641072591146,8.764123980204264,9.36157293955485,2.2851810518900555,4.551724173227946,9.0075474802653,0.0,6.661048545837402,11.516665115356446,9.255777219136556,7.484673512776693,8.353142668406168,10.245547777811684,8.285826155344646
0628 Vip Gaba_2,9.394626918090731,0.0,7.421335210813775,8.689660584535476,0.0,9.88124418734824,0.0,0.0,0.0,4.493541111449543,8.76989233272732,0.0,3.194967551510276,8.837682589314634,3.320824424482446,9.531700790013463,8.215296022902201,7.9204362360455,7.430362195329217,8.938915515252084,0.0,9.93413741374322,0.0,8.05150085441056,9.2283161560581,7.908172685647657,8.24541823636108,0.0,8.969974223965416,7.914861119252639,1.2116961703660996,1.4680920613135149,3.132996486359078,0.0,0.0,11.342905579211878,8.909497730402055,0.0,0.0,9.870514849283216,9.706791630144975,9.87459758889148,5.580274887329842,7.776560343961402,0.0,9.225089443223112,0.0,7.878254255792724,10.14187937150158,9.717203634101551,0.0,0.0,8.835344617955185,10.48463829709868
0645 Vip Gaba_6,8.798673558471812,0.0,9.407124557802756,7.846391650050805,0.0,10.001307501686416,0.0,0.0,0.0,6.447410963753021,8.510137199468115,0.0,0.6810512384469101,8.898959975088797,4.944356253366021,10.060385998366192,8.122318540258384,5.045923255217578,4.607090805363714,8.25009591688885,0.0,0.0,0.0,8.065545276435966,8.974515820851101,6.509829930277084,8.306568190122656,0.0,9.199228771862854,3.314701305429634,0.0,2.950492390923701,3.999474006166529,0.0,0.0,12.1063092680782,8.186294780327724,0.0,0.0,9.859478701728746,9.556950062735204,10.053007479341096,7.942284683435785,8.710568842609822,0.0,8.854370370987922,0.0,7.924412792432989,9.583734859308002,9.606318104947473,0.0,0.0,8.449855093624693,9.658158090510971
5135 SPVI-SPVC Sall3 Nfib Gly-Gaba_1,9.146845640959564,0.0,6.451199655179624,6.488685766855876,0.0,9.60332489013672,0.0,0.0,11.34036131258364,8.769378308896664,10.936629189385307,6.516364503789832,10.72271297596119,0.0,2.2288812354758933,10.368461185031467,6.3481009448016135,8.08245982064141,0.0,2.388336446550157,9.293309141088416,8.606248272789848,0.0,8.630584222299081,6.800469151249638,6.941001998053657,0.0,0.0,9.250034791451911,9.204444072864671,9.341114185474536,7.369045451835349,9.119400412948044,10.215418780291522,6.778145472208659,0.0,7.727860221156368,9.185424628081146,11.9091471919307,9.961625593679925,9.5143450277823,6.760080584773311,9.42284138997396,0.1713959022804543,0.0,8.792648703963668,0.0,0.0,0.0,0.0,8.60456261811433,7.226374096340603,6.40812188607675,9.699080926400644
0746 Pvalb Gaba_4,9.269281089137976,0.0,7.120111145771725,0.0,7.14819355279627,9.416026319584375,2.73538606737701,0.0,0.0,8.552716475473323,5.044522626635055,0.0,3.753101354921368,10.12569307139222,9.9933557107415,9.697829609185876,7.32050464656991,8.253500018321292,0.0,8.15451147589885,11.09978536955068,5.418982133731036,0.0,8.041997830296905,8.658071574358873,7.330904767211054,0.0,0.0,10.411755056784187,9.2847838227178,4.0151366744242925,4.329062520953971,7.575736117027175,0.0,7.995047856720401,0.0,7.008887844354334,0.0,0.0,8.515021418181943,8.669237147586447,8.283102922036614,7.826403762924839,9.201030492110991,7.949058915527773,10.056267663122902,0.0,0.5083858496706251,9.460947904452471,1.7835121027180847,0.0,9.223135077785438,8.750845318109217,9.139924747843136
0579 OB-mi Frmd7 Gaba_1,4.322575213774195,0.0,9.46993792731807,6.210831498200038,0.0,9.898385740676016,0.0,5.831858720419542,0.0,0.0,2.6369820900683134,0.0,0.0,9.921788197643352,3.381773786724738,10.45510171494394,8.605850219726562,0.4432413398094897,0.0866708935431714,9.6012737885961,12.399185135679424,0.0,0.0,0.0,8.599764945372096,0.0,0.0,2.043513077609944,10.094612175563595,8.124449954842621,7.139396757449744,0.0,5.395751746195667,0.0,7.664223108651503,10.44287605105706,8.613387607178598,0.0,0.0,8.326731420912832,0.2203660236214691,9.09255573884496,3.721321231914017,7.631391124905281,0.0,1.4644472868937366,0.0,6.772170786587697,9.843943757830926,10.647464536271006,0.0,0.0,10.502473957133745,0.0
0726 Lamp5 Lhx6 Gaba_1,10.45572716830879,0.0,9.35035204631026,0.0,8.103121866034778,9.738525762780164,0.0,0.0,0.0,7.499894239569223,3.3422022120072423,0.0,1.1834490183861024,8.782713950321238,9.076043734413748,10.619390583380149,7.627773633139962,7.871570236366709,10.719159446736818,6.705052155106726,10.516239286323602,0.0,0.0,8.695317370489933,10.457844976028662,7.431870741656177,0.0,0.0,9.827394326955186,8.220549992549376,1.3315677550958476,1.7016254476535275,7.8308650975158995,0.0,0.2106737747628201,0.0,7.88695018394019,0.0,0.0,7.617768952496163,7.280866504570062,5.119477979598507,8.840323152507933,9.415267738817413,7.052939204759495,9.8597519359281,0.0,7.272618861394971,9.501528995011444,0.0,0.0,5.421341396894934,10.908570810885411,11.333993973697812
5125 SPVI-SPVC Sall3 Nfib Gly-Gaba_1,9.668232717012105,0.0,8.573397636413574,0.0,0.0,9.34921841872366,0.0,7.4739710406253215,10.441668159083315,8.599539054067511,9.778044349268862,3.0776064521388005,9.021884968406276,9.419367187901548,10.1017965517546,8.061961098721152,7.262922286987305,7.645493657965409,0.0,10.396360949466104,10.52217227534244,1.086668993297376,0.0,8.741091778403835,0.0,4.371662240279348,8.204335262900905,0.0,7.700937823245399,9.080336821706672,8.359833893023039,7.516760474757144,9.021623711836966,2.100848549290707,6.627384888498407,0.0,8.212225110907303,9.273429519251772,10.693049982974404,10.093385897184673,8.351750122873407,9.431406121504937,7.303961653458445,8.167216802898206,7.528511147750051,10.12393966474031,0.0,1.5559676320929277,0.2506318594280042,6.315718926881489,4.839887292761552,2.955563520130358,9.116315239354185,8.515541503303929
0792 Sst Gaba_7,9.50443563728689,0.0,9.623396418176336,0.0,7.105521335780064,8.935283384590505,0.0,0.0,0.0,8.334963098864689,3.716012524481503,0.0,6.384946592871645,9.975683008027596,9.729806994352014,7.794108822338306,6.810602660119719,7.24446434283925,0.0,0.798958279819132,10.371135258600347,0.0,0.0,9.349253462853833,6.354592149874132,7.1462849022072055,0.0,0.0,9.74219312697556,9.061260828719332,2.70919161143704,7.255230015312028,7.225955977246769,9.276254695523935,7.240789806360025,0.0,3.8171848253669034,0.0,0.0,8.774614118712714,8.891635491469197,10.3765227007346,7.51857199884278,1.4350610366120145,7.726944954595833,8.56277178121133,0.0,0.5800359538782422,8.704751705454889,8.912158348850001,0.0,9.75886301979469,7.578957033305896,9.746647613442205
0790 Sst Gaba_6,9.285788568957098,0.0,9.3234768900378,0.0,7.128908124463312,9.549992857308224,0.0,0.0,0.0,7.47196023217563,3.4783418096345047,0.0,6.966291740022856,9.790701997691189,9.615814274755015,8.444914291644919,7.220285941814554,8.051042869173248,1.275707771038187,8.130035137308054,10.883301406071103,0.0,0.0,2.3439604496133737,9.381866422192804,6.903592027466873,7.599524941937677,0.0,9.821571218556372,9.248527329543542,4.756321167123729,1.6207062951449691,7.454230259204733,0.0,6.72623060489523,0.0,6.544755031322611,0.0,0.0,7.803919923716578,7.909956257918785,0.6582914385302313,7.288567197733912,3.8107611886386215,8.638351703512258,10.283621360515726,0.0,5.312625901452426,8.6386928393923,6.873703019372348,0.0,9.831707000732422,8.01770618044097,9.671500732158792
0724 Lamp5 Lhx6 Gaba_1,10.731485729420273,0.0,9.639183768851778,3.483115814595757,7.877728286378225,9.938785732328553,0.0,0.0,0.0,8.300456668934856,2.384532161550452,0.0,1.979045694808149,9.150673113001826,8.69288268288139,9.540871900120234,7.469085449677262,7.674214778332464,10.656332593030454,5.52186706703604,10.365837584532194,0.0,0.0,7.916855526282372,10.324812254355956,6.891195268389249,0.5549563347854677,0.0,9.823385703397989,8.159409138187462,1.6138195447617638,3.406648962983126,8.346846488491005,0.0,0.1020026314190344,0.0,7.8484128591766735,0.0,0.0,8.006100097447268,3.987526358294857,7.205833488083821,8.044446181003325,9.145271459565432,8.95582458452426,9.94649858310977,0.0,7.161322847508253,6.701665300086981,0.0,0.0,6.150931390308496,10.412846825694023,10.459498250279774
0844 STR Lhx8 Gaba_2,9.804166967569577,0.0,10.178747034265928,0.0,7.880190094472908,8.651264565193701,0.0,0.0345118634613902,0.0,7.620396268512556,7.954415321350098,0.2667653666816742,8.459870705237755,5.838758343144467,9.43374558112882,7.829019913306603,6.91372889159662,8.039043505664779,0.0,9.529035058581394,11.826312632695863,0.708958778304127,0.0,8.4512675628971,10.07958996344192,7.517515705664631,0.0,1.9259776451327055,10.18973323497695,8.33353385655021,7.341474855477028,0.5538155617501571,7.253013991151262,1.6142525093758155,7.139453262452655,0.0,9.224276407527537,4.391840427028023,0.0,9.061770354205295,9.530614331666277,5.052353625355462,8.689183756407456,8.005361806043247,7.309509493561409,8.963375666846147,0.0,2.38557732925724,11.000510250508544,8.440955501818946,7.19964405785688,8.0171181161394,7.942360872199178,10.232730452348346
0794 Sst Gaba_7,9.63737700139876,0.0,9.033219351185313,0.0,6.626043273390626,8.877727988812563,0.0,0.0,0.1459854523912608,8.489801489191947,1.086949465943755,0.0,3.614989869028544,10.128125564657529,9.744480102182292,7.034283228057752,7.027782181184069,6.451772370784402,0.0,3.3664888795331227,10.281255324109852,0.0,0.0,9.315887276217234,7.2306702394279645,6.615908355164013,0.0,0.0,9.37483296634482,8.968231777493045,0.2454286865193209,4.872274493999618,6.972658387191004,8.134860225718656,7.239257726737921,0.0,6.495559736979094,0.0,0.0,8.644357571498952,8.301601699787936,9.893037195685956,7.579124905222612,3.0372035160339137,8.124772665311964,9.25262252203852,0.0,0.0,9.003842789492161,8.331533836803848,0.0,9.52055854248486,5.636264430533211,9.617508785330134
0798 Sst Gaba_9,9.379382286858313,0.0,9.343928179790064,0.0,7.322589437740365,8.619895703030616,0.0,0.0,0.0,8.819825801652732,7.724649785228611,0.0,4.252387752729593,10.557467731987078,9.74705834929476,8.723830628149289,6.522003118770638,7.464347976999185,0.0,0.0,10.461188218028274,0.0,0.0,9.241368413708871,0.0,7.553155445806759,0.7714501503816585,0.0,9.634902659150743,7.856024650691711,6.99371463736308,6.338740668345973,7.414078304448078,9.71196877391068,7.714797038638714,0.0,0.5442057462082696,0.0,0.0,9.117966075779236,8.920055023665281,9.807937081327143,7.133371361997939,7.624204288561319,7.318975595100639,2.9754376028001923,0.0,5.953795892184543,8.84129905110782,9.213138944094943,0.0,9.184980728699989,8.126318433112704,10.11868659737184
0736 Pvalb Gaba_1,9.41350062882028,0.0,7.814134455308682,0.0,4.821399051968644,9.009617828741304,4.6475520395651095,0.0,0.0,9.62612481815059,0.0,0.0,0.0,10.582256183391664,9.642972463514749,9.396938835702292,7.736437971999005,8.052312051377646,0.0,7.735461075131486,9.468161646912735,2.3175176760045493,0.0,3.1565860713400493,8.627208023536497,6.981924167493495,0.0,0.0,9.893967779671272,9.209989373276873,0.1653604303918233,3.591158259205702,3.0698438185017283,0.0,8.236804084080022,0.0,7.605845489153048,0.0,0.0,8.791793288254157,8.688944461869031,5.36115645780796,8.48786224679249,8.831243759248315,4.348440690738399,9.986579976430754,0.0,0.0,11.194323097787253,8.46170455653493,0.0,7.482206568485353,2.1277938005400867,9.141022182092437
0737 Pvalb Gaba_2,8.960259049437767,0.0,9.944772276767464,0.0,7.215323775313621,9.650065288987271,0.0,0.0,0.5175647402918616,8.011730205181033,1.6741348200066144,0.0,5.861330969389095,10.100687647974768,9.199272843294365,7.433250066845916,8.094381027443465,8.232038048810738,0.0,7.876888402672701,11.076633730600047,0.0,0.0,8.762580561083416,9.001813101214031,6.912811772767888,0.0,0.0,10.460352088129795,8.810098736785179,1.885913510655248,2.980531570523284,7.646601615950119,0.0,7.8408904463745825,0.0,7.707289579302766,0.0,0.0,8.9295414991157,8.118423095969266,4.986628565677377,8.201894737953364,7.966445235318916,8.695878660956094,10.080451688101125,0.0,2.780357089153556,9.627725756445596,5.394529154134351,0.0,9.981207437293474,7.300711487614831,7.278541930886202
0743 Pvalb Gaba_4,9.137774229049684,0.0,8.034468401491253,0.0,6.5325827816732565,9.006584835987464,0.0,0.0,0.0,7.998732306598838,3.279726419573516,0.433758125975241,0.3716336052402172,10.740444622787775,9.543837318233416,9.26898657262715,7.563954665769939,7.845168496269027,0.0,6.779531898841359,9.884306131624708,0.0,0.0,5.42197279252258,9.03386682622573,6.23304927816578,0.0,0.0,9.957695889317131,8.492147172198576,0.0,4.533032009414598,6.7629528809217065,0.0,8.490962634678759,0.0,7.927813344531589,0.0,0.0,8.682524336708916,8.641908189050513,7.6342084727256125,8.728631736406314,8.814671666014428,7.869409579856723,10.02526348089081,0.0,0.0,9.20077175408407,1.4881364091549043,0.0,8.886920928955078,8.960370338041018,8.741057869655634
0647 Vip Gaba_6,8.719304606001428,0.0,9.665347449322963,7.540646426221158,0.0,10.137565889257068,0.0,0.0,0.0,7.7806938100368415,7.76040647004513,0.0,0.0,8.253095820863196,4.153364758542243,9.92945854968213,7.995455247290591,5.552251052349172,4.6599274848369845,8.180235472131283,0.0,0.0,0.0,7.720977461084407,9.18199410337083,5.934545886009298,4.068013668060303,0.0,8.229666714972637,3.6128866773970585,0.0,2.357121269753639,5.326225649803243,0.0,0.0,12.56658406206902,6.882449502640582,0.0,0.0,8.971395791845119,9.220638739301805,9.971005175976044,5.919419821272505,8.388993835195581,1.4286987692751782,8.870369050096958,0.0,7.95204320232919,9.13116775421386,9.685591903138668,0.0,0.0,7.833488809301498,9.082170463622884
0673 Sncg Gaba_3,9.206586236823094,0.0,7.903185411675335,7.969255474332261,0.0,10.001695841959078,0.0,0.0,0.0,8.349892389284422,8.107454965375874,0.0,0.4653342088607892,7.285431547524178,8.768408856979788,10.443005339740074,7.600892470307546,7.330385833570402,7.239082196803942,8.488389256065838,0.0,0.0,0.4904282084883076,8.337861185204494,8.939889137059042,7.388448581303636,8.405596426905017,0.0,8.236044473844032,8.068570137840428,0.0,3.8430332631280977,7.348357990996479,0.0,0.0,12.458847930986588,6.171323821969228,0.0,0.0,8.90862312055614,9.761662871870277,9.414139234856384,8.365629500722232,8.78235771884657,4.65413497653726,8.145751548956518,0.0,5.176911830085597,10.721474654053988,9.5246786646647,0.0,1.7449121189444032,6.598753329825728,8.208124675979352
0791 Sst Gaba_6,9.28502841949463,0.0,9.690748348236085,0.0,7.3779372215271,9.44703670501709,0.0,0.0,0.0,7.2975465679168705,8.657200756072998,2.130763349533081,6.778339500427246,10.101004066467285,9.402024021148682,9.441567821502684,8.416606302261352,8.252204790115357,0.937271375656128,5.674710664749146,10.84043186187744,0.0,0.0,8.727280254364013,9.426435146331787,6.699683628082275,0.0792147970199585,0.0,10.224219074249268,8.643526172637939,0.0,1.654780430793762,7.139788866043091,0.0,7.661144113540649,0.0,7.475950040817261,0.0,0.0,8.184994144439697,8.29953143119812,8.338159465789795,8.796943111419678,7.119835596084595,8.386329288482665,10.243402347564697,0.0,3.853119096755981,9.868460674285888,4.054577741622925,0.0,9.169768295288089,9.20605115890503,10.35817979812622
0584 OB Dopa-Gaba_1,2.993774615512805,0.0,9.37086910933591,0.0,0.0,10.859898697928095,5.560356519463357,10.88697816655877,0.0,0.0,0.0,0.0,0.0,2.4051031337695177,0.1377633823437637,7.045529279816017,0.0,4.173016513867324,4.160173122534591,9.67884274386288,12.168860879105129,0.0,0.0,0.0,6.235310923115591,0.0,0.0,0.0,9.821315574645997,0.4517762098419532,0.1147126712156145,0.0,0.0,0.0,4.543071457509244,0.0,8.7530470205157,0.0,0.0,2.8661311556783957,0.2204960769481873,10.403228736191654,3.40868350254016,8.546583863590541,0.0,6.401581964599952,0.0,5.815922466020906,7.817264480805129,10.387528875972448,0.0,0.0,0.2766139587659514,9.40337084438024
0800 Sst Gaba_9,9.234851499704217,0.0,8.597165302863488,0.0,7.206266904977651,8.600991941598746,0.0,0.0,0.0,8.547852177253136,7.399536163623516,0.0,1.646771928347074,10.762919106116662,9.783569514934833,9.484794877859262,5.00714007304265,7.465344345386212,0.0,0.0,10.235606005742,0.0,0.0,8.349729759509747,1.806553242023175,7.202136193788968,0.0,0.0,9.546890737093412,7.497928050114559,4.074513303316556,5.448676951481746,7.221446564014141,9.137510017981896,7.949648845379169,0.0,3.3778658368037298,0.0,0.0,8.91944186283992,8.931666239224947,10.287768011826737,7.84208753145658,4.127404626699595,6.699506096473107,4.842139622614934,0.0,3.152838868361253,9.250059116070087,9.116027251023512,0.0,9.317908912071816,8.04856546842135,9.781602340111366
0852 Sst Chodl Gaba_2,9.752616566105893,0.0,8.803616719496878,3.64901640791642,9.886945689351936,0.0,0.0,0.1939628839492798,8.068600042242753,8.871073060286673,8.421179929532503,8.431189584732056,7.436496137317858,8.436952252137033,9.68183540043078,6.680447952370894,8.094281783856843,8.274609028665642,5.172156996476023,9.992274585523104,10.217456426118549,0.0,0.0,7.05080135997973,8.602404704846833,8.020388475217317,0.0,0.710236614628842,9.961163756721898,9.194996442292863,7.218326197172466,0.9252321381317942,7.052057833420603,0.0,7.214442556782773,0.0,0.5485360383987427,0.0,0.0,8.774474711167185,8.607208420100966,9.099554704364978,9.601890348133288,1.8433117866516116,1.6924063531975997,8.466768658788581,0.0,6.882661222156726,11.509309472535788,9.494500270642732,4.226368720907914,8.628157123766448,8.610722458989997,8.808731739144577
0853 Sst Chodl Gaba_2,9.669350722740436,0.0,9.758599478622962,0.0,9.091578549352183,0.0,0.0,0.0,7.512565464809023,8.242609122703815,9.08539633915342,5.230680432812921,6.604203996987178,8.18940961771998,9.607223214774296,7.5634260177612305,7.925568399758174,8.285911527173273,0.0,9.80002209235882,8.740367905846957,0.0,0.0,2.965339002938106,8.068856716156006,7.495662886520912,0.0,2.4115803488369645,10.10781926122205,9.52526276687096,6.925143208997003,0.6047282301146408,7.387030404189537,0.0,6.128822589742726,0.0,1.3824855870214,0.0,0.0,9.49513290668356,9.969957746308426,9.842951807482487,10.32633192785855,3.789258940466519,1.7208171877367744,9.041960124311776,0.0,7.062407427820666,10.623700602301236,9.419867778646536,2.417878463350493,7.836130109326593,9.465059148854223,10.04365194254908
0578 OB-out Frmd7 Gaba_3,7.444425466109295,0.0,4.692801305225918,0.0,0.0,11.974222309735357,0.0,11.52436148390478,0.0,8.792525169800738,10.339116651184703,0.0,0.0,0.0,0.9307962631692692,9.260034892023826,1.0851673885267608,0.0,4.153624451890284,0.9483209824075504,12.71246660972128,0.0,0.0,0.0,5.601735197767919,0.0,0.0,0.0,7.623486061485446,0.0,0.0,0.0,10.025366890187168,0.0,0.0,0.0,0.0,0.0,0.0,1.4890525049092818,0.0,0.2527109457522022,0.0,5.17122405889083,0.0,3.8368865275869566,0.0,7.197193384170532,5.661203350339617,0.0,0.0,0.0,0.7344303325730928,3.3781297401506074
0664 Sncg Gaba_1,9.68709731887985,0.0,7.697468537550706,7.073237508207887,0.0,10.319293661431953,0.9053317766923172,0.0,0.0,9.164932198576874,8.199255251622462,0.0,7.025727141034472,7.014371767148867,9.542683465140206,10.16656856746464,8.471074345347645,8.183491250970862,6.549057384113689,8.762216064956162,0.0,1.7402340186821237,6.898367703615964,8.826237500368894,9.285804779974969,7.552979301620316,8.224657441233541,0.0,7.616141722752498,9.067943300519673,2.159916610508174,2.6185214336101827,7.439656671586928,0.0,1.1546671914530324,1.4372722473773327,6.716103281293597,0.0,0.0,9.06567784194108,9.9507323883392,8.594669981317205,8.519470199123843,8.65988378210382,8.534253723018772,7.7745904346088786,0.0,6.69225524022029,10.24942142360813,9.527910326863385,0.0,6.50843594624446,7.239001923865015,7.740697865957742
0739 Pvalb Gaba_2,9.051871793023471,0.0,9.61376611117659,0.0,7.359113660351983,9.65003832455339,0.0,0.0,0.0,7.955412585159828,5.991291276339827,0.0,3.148600528980124,9.802972892235063,9.15987540935648,8.142622109117179,8.26607317760073,8.184824598246607,0.0,7.099303788152234,10.930346982232455,0.0,0.0,8.705738659562735,9.447458793377054,6.772164920280719,0.0,0.0,10.186336550219306,9.208894565187652,0.9713826426144304,3.506236577856129,7.1545331724758805,0.0,7.697997833120412,0.0,7.923801635873729,0.0,0.0,8.678907986344962,6.897543282344423,5.390014188043002,8.83472149947594,7.540418279582057,8.035602257169526,10.54127545192324,0.0,2.1368738042897197,8.228088724202124,1.7043448398853172,0.0,9.436307709792564,8.837714096595501,5.549789091636395
0630 Vip Gaba_2,9.42560066513502,0.0,4.969844496469173,8.701774856236977,0.0,9.68622317777218,0.0,0.0,0.0,3.960380812016685,8.419749412636744,0.0,1.595944534762325,8.763051370936116,0.5842582309652814,9.26702581991361,8.184533957734196,7.909445660007908,7.621912172773066,8.940712680966834,0.0,10.037872785032578,0.0,7.937213756280934,9.666862244993997,8.05658361605146,5.544544600439197,0.0,8.313516107444062,8.540910245239578,0.0,1.09456318257049,1.7600961682677585,0.0,0.0,11.477776547429444,8.176210015464642,0.0,0.0,9.693287704247505,9.41828522469428,9.463569130484514,1.268776259084386,8.517352896412527,0.0,9.273555417699136,0.0,7.858987973430964,10.249333086289132,9.74517346680008,0.0,0.0,8.587062407666304,11.576699034122658
0648 Vip Gaba_6,8.863198496931691,0.0,8.915923816874876,7.927914029460842,0.0,9.930565927796446,0.0,0.0,0.0,7.51664513410148,8.287327898963023,0.0,0.0,7.876566681619418,6.257478972612801,10.288754841432732,6.027958473916781,4.404483227810617,5.728187685497737,8.368638229370116,0.0,0.0,0.0,8.179087092512745,9.06119673130876,6.896340740333169,8.18614057767189,0.0,8.587393791392698,6.321623417482538,0.0,2.777963437872418,7.02937713558391,0.0,0.0,12.856675067190396,6.793803006511624,0.0,0.0,9.334617246207545,9.451528329364324,10.024768845509676,8.124120382535256,8.880777821298373,0.552009105682373,8.25990274073714,0.0,5.269913430941307,10.203658514507746,9.631776651285463,0.0,0.0,7.854571250333624,9.59732735197423
0685 Sncg Gaba_8,10.067000708708893,0.0,8.614939524676348,8.336330145758552,0.0,8.573545234267776,0.0,0.0,0.0,8.85569337380899,7.517323359927616,0.0,6.956796929642961,5.660569910100988,9.186541557312012,10.770251836003483,6.913964887567468,7.575455840858253,7.939311682211386,9.053349799078864,0.0,0.0,8.22655411539851,8.764263998495565,8.422104899947708,7.189103448713148,9.232670747911609,0.0,7.740659394135346,9.774519239889608,7.561065480515763,4.269737725644498,8.5910417118588,0.0,0.0,0.0,7.065029177794585,0.0,0.0,7.6812885052449,9.731108052021748,7.502140292605838,9.086563146436538,8.92882151217074,7.914507306588662,8.132861601339805,0.0,7.023208891378867,10.812257246069006,8.376979044321422,0.0,0.9451925818984572,8.69888463922449,9.93440364115947
0720 Lamp5 Gaba_3,9.998304045395193,0.0,7.801797814390458,7.376472523449789,0.0,8.59469178456254,0.0,0.0,0.0,8.831598743818489,7.165073870195499,0.0,4.184170713396342,3.758922433073772,9.002017262077615,10.953465121639075,7.345617363038424,7.453862359583998,8.189762111227367,8.492592283733533,0.0,0.0,7.951210768757745,8.775033860114496,8.51471364870114,7.135196313106996,9.101429619016832,0.0,7.39257026320935,9.718650501869057,6.939369338405434,6.957449297316892,8.417731457975254,0.0,0.0,0.0,7.585340247643118,0.0,0.0,7.062990805723692,9.5181277290673,8.135760929396744,9.616097080406426,8.293861912051423,8.658499307476571,8.401793524556494,0.0,4.505693762298856,10.513983319808258,8.293891987510102,0.0,5.108245751124435,8.253535836802195,10.088417977138931
0801 Sst Gaba_9,9.166914789593172,0.0,9.131441851070418,0.0,7.12795854449736,8.461984506376986,0.0,0.0,0.0,8.920117749314365,7.101179934661213,0.0,0.5617360623430185,10.849720110689155,9.615647622119592,9.17979595911642,5.08781084476278,7.379304461905928,0.0,0.0,10.194450150204077,0.0,0.0,8.456242565051127,0.0,7.095499347619973,2.919299675332897,1.950271701998284,9.76050394703906,7.108491718537149,6.392417519009067,4.840531459578281,7.471270637289559,9.737821122551706,7.803449399740316,0.0,1.7315643139850303,0.0,0.0,9.422476536568963,9.047407144702362,10.026152813017136,6.5084387773669645,7.989107123608719,6.94161312311076,0.0,0.0,5.430093892353518,8.955210609658684,9.44848734673823,0.0,8.851351940214402,7.334050540330345,9.769749800982645
0715 Lamp5 Gaba_2,10.072899541044547,0.0,9.478684070063572,8.190543380438113,0.0,8.33541548018362,0.0,0.0,0.0,9.00430165085138,8.414146560469485,0.0553825446982788,7.827375027089337,7.769050023135017,8.978485035740473,10.909613830591338,6.841613651101106,7.1666356223860594,8.568391022339366,9.61622702530007,4.247302698933221,5.5909956623526185,2.077405722312678,9.180223231222117,9.093466718212452,7.695161797641929,9.054137370165655,0.0430652020024318,8.305827778149274,9.88237809199913,8.025288686253667,4.133806217729656,9.083444928811266,0.0,0.0,0.0,7.308987266877118,0.0,0.0,7.933920216716193,9.814211387260288,7.470023834627439,8.641641638637369,8.941238811592651,7.727661238776313,8.413476445316489,0.0,4.165395682154138,10.011769615746791,8.739429785535226,0.0,6.522962306839188,9.259961165633856,10.772662916993784
0577 OB-out Frmd7 Gaba_2,8.024109280386636,0.0,0.4028659809467404,0.0,0.0,11.192875074785809,0.0,11.36221515300662,0.0,0.6483408406723378,9.488078416779985,0.0,0.0,0.0,0.0,10.373541188794514,0.1974913408589917,0.0,8.773302887761316,0.1412528171095737,12.625918776489968,0.0,0.0,0.0,9.945000892461731,0.0,0.0,0.0,8.677321788876556,7.176843049914338,0.0,0.0,9.363337051036746,0.0,0.0,0.0,0.741518685984057,0.0,0.0,8.669063684552215,0.0,0.0,0.0,0.8178200499955998,0.0,11.418004812196244,0.0,0.0,8.057417775309363,0.0,0.0,0.0,3.0373878922573354,10.476941851682442
0682 Sncg Gaba_6,9.759588354356062,0.0,6.60197661724328,7.323515894007386,0.0,10.175500280134903,0.3404047706809776,0.0,0.0,8.916367505101247,7.831967381520885,0.0,4.509178306057246,7.411460786934215,9.6595630378644,10.204478549759418,7.002782399228995,7.53986122598292,6.850828745058464,8.71600116239049,0.0,0.0,1.1419096430802247,8.312655415772403,9.335490510671466,7.287359673947219,7.324833848664375,0.0,7.206049558532683,8.529371450056178,0.0,4.04655697137983,7.468426889898371,0.0,0.3051042477619599,5.612507131831775,6.57181017329584,0.0,0.0,7.355677336083408,9.16746373394218,8.90068271743806,7.651494234924,8.458008902201515,8.555772879311652,7.902302400205145,0.0,6.69370828525654,9.836427084143232,9.718606401775885,0.0,4.318134286096977,4.748019299071854,7.0854569668591765
0745 Pvalb Gaba_4,9.552626821476975,0.0,7.261485928282817,0.0,6.989879084657655,9.304640130382165,5.273467934501484,0.0,0.0,8.56819446103954,0.0,0.0,2.825261777226851,9.024729182441366,10.049157229129907,9.892028569606152,7.448999899952963,8.180676632109575,0.0,8.827306852135852,11.059690891985108,5.972226608340097,0.0,8.045034631624427,8.430193577859738,7.845245310116497,0.0,0.0,10.400130262807332,9.496378038265256,5.804355806837788,2.6508471203305555,7.2738308303396,0.0,7.673014673811155,0.0,4.354788653321369,0.0,0.0,8.243782439493621,8.457541794651732,8.128985358308778,6.2070572620929,7.972720644639045,7.438297709872444,9.921060425569449,0.0,2.283503351461916,9.624785969536171,1.2250032037994458,0.4540336490530956,9.029748491000449,8.491359525193463,8.416557040021072
0734 Pvalb Gaba_1,9.564323458755226,0.0,6.602300262690188,0.0,5.908471818555865,9.209260981184498,7.934823546493263,0.0,0.0,10.3922318145446,0.0,0.0,0.5228941386803648,9.439402451192526,9.696562002177226,10.247624327963155,7.7704198963958815,8.536723187095241,0.0,8.84773718085803,10.073124890339404,0.0,0.0,6.932872339597621,9.079165506482424,7.499709989791526,0.0,0.0,10.17732510530859,9.73969987281283,0.8005760582467368,2.994967466607727,4.650949053895802,0.0,8.010168631274,0.0,7.87335389120537,0.0,0.0,8.817754164674229,8.85174720687675,7.03298374764005,8.660918723371692,8.86534323011126,3.954097965307403,10.067833345934265,0.0,4.353533732861206,10.84806601684494,8.976231618035108,0.0,3.994657025301367,4.8057322717250734,9.614129025834544
0851 Sst Chodl Gaba_2,9.645946719429707,0.0,9.41067030213096,0.0,10.051672133532437,0.0,0.0,1.7404680306261235,8.3341698104685,8.760272806340998,9.30782123045488,7.395931742408059,8.105189800262451,8.766043467955155,8.797759402881969,7.682130044156855,9.100768501108345,9.16988281770186,7.628314365040172,10.074775197289206,9.90294319933111,0.0,0.0,6.709957903081721,8.699525009502064,8.194495016878301,0.0,0.0,9.756167563525112,7.877614563161677,8.071073738011448,0.1977743994105946,7.111160386692394,0.0,6.304073257879778,0.0,3.1734993024305864,4.456828913905404,0.0,8.927508007396352,8.883822029287165,8.95472350987521,9.674470402977684,1.739438165317882,3.640246109528975,8.767745646563442,0.0,8.020281054756857,11.451557462865656,9.528511892665517,6.43641180341894,6.387545585632324,9.1133817542683,8.561300353570418
0652 Vip Gaba_8,9.320591898479556,0.0,9.775239391920024,8.18286316133365,0.0,9.547775913182337,0.0,0.0,0.0,8.721013493701792,7.641796738738514,0.0,1.9396903635827296,8.890195958938223,9.117623912917416,9.866621507560367,7.329553928000642,7.4019512630718625,5.353150150779811,8.50534441584261,0.0,0.0,0.0,8.013903741945807,9.841685121851546,7.421566579228727,1.5347361275880504,0.0,8.228137194232348,1.7744142513618533,0.0,2.6808223981904127,3.381389572655511,0.0,0.0,12.24105416343177,7.899174707415842,0.0,0.0,8.831210973024758,9.094795106865966,9.51882872136642,0.7741760247662883,9.284621641405671,7.865126587170041,8.799449979966283,0.0,7.393367490284572,9.787028866781933,9.49726968506159,0.0,2.477583543368526,7.659760493888792,9.590929371635577
0772 Sst Gaba_3,9.550215045611065,0.0,10.76421062151591,0.0,7.1201964020729065,9.20845807592074,0.0,0.0,0.5541054382920265,8.971390207608541,6.0525017231702805,0.1141842852036158,7.422244057059288,9.560289353132248,9.620436122020086,6.658475761612256,8.11324413617452,8.158676266670227,0.2414252782861391,8.685069531202316,10.64255275328954,4.585808848341306,0.0,9.123683214187622,6.849430466691653,7.454164703687032,6.755026618639628,0.392855887611707,10.419137159983316,8.774587859710058,5.258115326364835,2.8980005780855813,7.952365264296532,0.0,6.932930032412211,0.0,7.274838710824649,0.0,0.0,9.271426727374395,9.355426947275795,9.10468766093254,7.903452371557553,8.403749465942383,8.65003314614296,8.349010248978933,0.0,6.715848326683044,9.148110310236612,8.3542833228906,1.3598445082704227,10.021270255247751,6.989447385072708,9.88670394817988
0642 Vip Gaba_5,8.983882653225137,0.0,8.4652931989687,8.771586415504599,0.0,9.561891124945063,0.0,0.0,0.0,7.7695456732485875,7.985668975226503,0.0,1.1593451258376768,9.379772479463004,3.8626055777031545,9.706022605393017,6.617055287053401,7.056662726286465,6.540406727774287,8.518134221693114,0.0,3.429870730220734,0.0,6.246747132393323,9.936924612083674,6.87029669236839,0.2199421934912719,0.0,7.970498663447616,4.73111977368738,0.0,2.4689477603523207,0.0,0.0,0.0,11.857438358807215,5.165894414053287,0.0,0.0,9.240130251104182,8.871371601456822,9.210546228142764,0.969668170629815,9.635305161115449,0.8847057026843905,8.236110848407627,0.0,7.180696108538107,8.995927995315117,9.814566704897643,0.0,1.9060717737567168,6.398945157516342,11.732945360134742
0547 OB-in Frmd7 Gaba_2,0.0,0.0,9.73078704870547,0.0,0.0,8.88074019922616,3.371595660566141,11.366492010000796,0.0,0.0,0.0,3.496644556331939,0.0,0.0,0.0,9.04382180405882,0.0,0.0,10.002718757288145,0.4410849638259449,0.0,8.727337105967367,0.0,0.0,0.0,0.0,0.0,0.0,10.529631897435785,3.8201459305735823,0.0,5.3774235192198345,2.603232152469623,0.0,0.0,0.0,8.339512247627916,0.0,0.0,0.0,6.375270462645509,0.4639225566729951,0.0,0.0,0.1818476329596279,2.0537529134902712,0.0,0.0,0.0,9.006342956737969,0.0,9.11025950215495,0.0,8.494666668401358
0848 Sst Chodl Gaba_1,9.598597791459826,0.0,9.46323710017734,0.0,8.205227123366463,0.0,0.0,0.0,7.147135933240254,8.803632736206055,7.88456533352534,7.500417590141296,6.970069812403785,8.264869583977593,9.991454243659971,9.27691544426812,7.24289411968655,8.460865133338505,1.7161447869406803,9.862241625785828,10.331132623884413,7.490859892633226,0.0,7.3272304270002575,9.841663347350227,7.690857562753889,0.0,0.0,9.895745714505514,8.315418170558083,7.026807957225376,1.8806371026568944,6.343807710541619,4.829647507932451,7.123583555221558,0.0,7.885058561960856,3.425152162710825,0.0,9.442039489746094,9.697085486518011,9.647065705723232,9.639839357799952,6.68908757633633,6.098571611775292,9.39605504936642,0.0,7.645006477832794,11.223428103658888,9.456807520654468,6.677540587054359,8.822479989793566,9.483345786730448,10.010082920392357
0710 Lamp5 Gaba_1,11.39601423086807,0.0,9.519025270911255,7.511801891437368,0.0,9.321933622249766,0.0,0.0,0.0,8.137235759492086,0.0,0.0,5.456708530109362,8.32355148378026,8.722261351876277,10.64650293593241,7.244070805730046,7.591377579567515,10.303561930122523,8.720331831604357,10.60645644287345,0.0,0.0,7.929085064854862,10.36139447495744,7.078208304187966,4.794319621936695,3.2881612996797305,9.5191558112509,8.72027084983914,5.087823220845816,5.472229134898388,9.133555924846398,0.0,0.0,0.0,8.876426219203758,0.0,0.0,8.984560520952733,7.674403006505782,6.997643715810591,8.437712146508648,8.76412836649243,9.314180938617604,10.206895970377683,0.0,3.703188901886517,9.834313747965693,0.0,0.0,8.778581011341345,7.799177431047653,10.740510380866445
0763 Sst Gaba_2,10.006600952148435,0.0,10.367495155334472,0.0,7.358669662475586,5.245253938436508,0.0,0.0,8.67055195569992,9.127668237686157,6.785892879962921,4.922330939769745,6.366677737236023,9.288019824028016,10.032141184806823,0.9655623137950896,7.789082229137421,8.016343867778778,0.0,7.911824822425842,10.726220321655273,7.282132172584534,2.801200217008591,8.740392208099365,8.149292874336243,6.532138884067535,5.274583315849304,0.2929424285888672,8.39009257555008,9.27041163444519,5.497898817062378,3.948926484584808,7.739075613021851,5.685840892791748,6.828718066215515,0.0,7.642545294761658,0.0,0.0,8.4876908659935,9.685704684257509,8.409826874732971,6.68205840587616,2.67993243932724,8.48804042339325,9.504328036308287,0.0,2.792004883289337,8.14382952451706,8.798921346664429,0.0,9.772752237319946,8.263006722927093,9.791720032691956
0847 Sst Chodl Gaba_1,9.871480994754368,0.0,8.68251711792416,0.0,8.722458495034111,1.3171083529790242,0.0,0.0,2.0415102773242526,8.477013614442614,7.391454537709554,7.514162249035305,8.180683374404907,6.811811367670695,9.686005062527126,9.84530258178711,7.176909724871318,9.0293431546953,1.3408168421851263,10.08294407526652,11.12590758005778,9.446977297465006,0.0,7.912013279067145,10.001841015285915,8.057038373417324,0.0,0.0,10.038251532448662,8.659772634506226,7.183617048793369,4.260135862562391,5.99156994289822,4.764227390289307,7.039899733331469,0.0,7.967807200219896,9.627653651767307,0.0,9.196585973103842,9.96875744395786,9.554424736234877,9.654675192303127,7.8279471264945135,6.746138095855713,9.251006815168592,0.0,8.135722306039598,11.421631283230251,9.609738879733616,7.697911024093628,8.893588874075148,9.794360319773356,9.03194753328959
0761 Sst Gaba_1,9.361985898089912,0.0,5.967355893097615,0.0,7.063640759430623,8.722299907142663,0.0,0.0,0.0,9.147179433586372,8.01465304740606,5.233722940312411,3.6587077011874793,10.197265195702498,9.72369863043379,10.276289091369536,7.361883117353088,8.832963645278147,0.0,9.213266378443048,10.531582817930468,0.0,0.0,7.768148899798667,6.35432719896207,8.407915299032389,0.0,0.0,9.684988263870654,9.333993079078882,4.245906843159494,4.772029029278596,7.562989576345484,0.0,8.424849200464807,0.0,6.521642690698906,0.0,0.0,9.115100063946311,10.143367839363767,8.669502920974777,8.008896456024077,9.07024282991346,8.025731829358012,7.807084527980885,0.0,7.229832970483786,10.36127962446645,8.817972286950425,5.539535049945567,6.079418772657112,8.888823540909414,9.88197986164842
0787 Sst Gaba_6,9.248756495389072,0.0,8.881570628195098,0.0,7.846580086332379,9.62381533420447,0.0,0.0,0.0,8.918960744684393,7.417078552824078,0.0,8.200084989721125,9.595167709119393,10.097151293899074,1.801041588638768,7.7041684497486465,8.094512592662465,0.862651861075199,8.503061309005275,10.596757686499393,0.6432604211749453,0.0,7.32149364009048,8.12327020818537,6.602787754752419,7.310364087422688,0.0,8.854469400463682,8.499480883280436,4.604670343977032,2.522690455118815,7.64589617469094,0.0,6.5278676350911455,0.0,6.693655505324855,0.0,0.0,7.894174142317339,9.26558274933786,6.611652475414855,8.07964817682902,6.592153751488888,8.5505584081014,9.238443808122115,0.0,6.378652023546623,10.46446739543568,8.497153946847627,0.3775552186098965,8.261016137672193,8.004537524599018,9.605685551961264
0683 Sncg Gaba_7,9.509742448496263,0.0,4.789643540493278,1.3491655693497768,0.0,9.192167756723803,0.0,0.0,0.0,8.91118263865626,7.095765136009039,0.0,3.65761182918105,7.003258101884708,8.995557634220567,10.149876386065817,7.562182992003684,7.4836478255515875,6.952105928021808,8.89485386249631,1.0409374835879304,0.0,4.051634169733801,8.3440256052239,9.036325814003169,6.72135577756305,8.371093840931737,0.0,7.492981070141459,9.608278425349743,1.3071055900218875,3.5241559782693552,7.744729015439056,0.0,0.0,0.0,4.539425122460654,0.0,0.0,6.727976253420808,8.86437923076541,8.724852648446726,9.250210132155308,7.998047646810842,9.26996935023818,5.7328156094218405,0.0,5.152410804393679,9.208935848502223,9.07328099095544,0.0,2.882292439216791,8.851872275596442,8.17606690207193
